Workbook

Sheet Modified Market Rent Schedule
A1: Market Rent Schedule
A2: For Selected Properties
A3: As Of = 03/31/2026
A4: Unit Type | B4: Units | C4: Unit Type | D4: Occupied | E4: Average | G4: Average
C5: Sq Ft | D5: Units | E5: Resident Rent | G5: Resident Rent (RR)
A7: 1 Bedroom 1 Bathroom (BWK.A1) | B7: 40 | C7: 657 | D7: 38 | E7: 1205.1 | G7: =INDEX('Rent Roll_03.31.26'!$I$8:$I$18,MATCH(TRIM(MID(A7,FIND("(",A7)+1,FIND(")",A7)-FIND("(",A7)-1)),'Rent Roll_03.31.26'!$B$8:$B$18,0)) -> 1204.5526 | H7: =E7-G7 -> 0.54736842
A8: 1 Bedroom 1 Bathroom (BWK.A2) | B8: 39 | C8: 700 | D8: 36 | E8: 1204.22 | G8: =INDEX('Rent Roll_03.31.26'!$I$8:$I$18,MATCH(TRIM(MID(A8,FIND("(",A8)+1,FIND(")",A8)-FIND("(",A8)-1)),'Rent Roll_03.31.26'!$B$8:$B$18,0)) -> 1232.9722 | H8: =E8-G8 -> -28.752222
A9: 2 Bedroom 1 Bathroom (BWK.B0) | B9: 52 | C9: 814 | D9: 48 | E9: 1357.95 | G9: =INDEX('Rent Roll_03.31.26'!$I$8:$I$18,MATCH(TRIM(MID(A9,FIND("(",A9)+1,FIND(")",A9)-FIND("(",A9)-1)),'Rent Roll_03.31.26'!$B$8:$B$18,0)) -> 1376.3542 | H9: =E9-G9 -> -18.404167
A10: 2 Bedroom 2 Bathroom (BWK.B1) | B10: 24 | C10: 875 | D10: 24 | E10: 1356.5 | G10: =INDEX('Rent Roll_03.31.26'!$I$8:$I$18,MATCH(TRIM(MID(A10,FIND("(",A10)+1,FIND(")",A10)-FIND("(",A10)-1)),'Rent Roll_03.31.26'!$B$8:$B$18,0)) -> 1396.375 | H10: =E10-G10 -> -39.875
A11: 2 Bedroom 1 Bathroom (BWK.B2) | B11: 46 | C11: 930 | D11: 41 | E11: 1306.17 | G11: =INDEX('Rent Roll_03.31.26'!$I$8:$I$18,MATCH(TRIM(MID(A11,FIND("(",A11)+1,FIND(")",A11)-FIND("(",A11)-1)),'Rent Roll_03.31.26'!$B$8:$B$18,0)) -> 1317.8537 | H11: =E11-G11 -> -11.683659
A12: 2 Bedroom 2 Bathroom (BWK.B3) | B12: 12 | C12: 980 | D12: 11 | E12: 1307.18 | G12: =INDEX('Rent Roll_03.31.26'!$I$8:$I$18,MATCH(TRIM(MID(A12,FIND("(",A12)+1,FIND(")",A12)-FIND("(",A12)-1)),'Rent Roll_03.31.26'!$B$8:$B$18,0)) -> 1349 | H12: =E12-G12 -> -41.82
A13: 2 Bedroom 2 Bathroom (BWK.B4) | B13: 3 | C13: 1130 | D13: 2 | E13: 1627.5 | G13: =INDEX('Rent Roll_03.31.26'!$I$8:$I$18,MATCH(TRIM(MID(A13,FIND("(",A13)+1,FIND(")",A13)-FIND("(",A13)-1)),'Rent Roll_03.31.26'!$B$8:$B$18,0)) -> 1627.5 | H13: =E13-G13 -> 0
A14: 3 Bedroom 2 Bathroom (BWK.C1) | B14: 24 | C14: 1028 | D14: 22 | E14: 1648.36 | G14: =INDEX('Rent Roll_03.31.26'!$I$8:$I$18,MATCH(TRIM(MID(A14,FIND("(",A14)+1,FIND(")",A14)-FIND("(",A14)-1)),'Rent Roll_03.31.26'!$B$8:$B$18,0)) -> 1648.0909 | H14: =E14-G14 -> 0.26909091
A15: 3 Bedroom 2 Bathroom (BWK.C2) | B15: 55 | C15: 1130 | D15: 47 | E15: 1667.68 | G15: =INDEX('Rent Roll_03.31.26'!$I$8:$I$18,MATCH(TRIM(MID(A15,FIND("(",A15)+1,FIND(")",A15)-FIND("(",A15)-1)),'Rent Roll_03.31.26'!$B$8:$B$18,0)) -> 1679.9149 | H15: =E15-G15 -> -12.234894
A16: 0 Bedroom 1 Bathroom (BWK.S1) | B16: 23 | C16: 550 | D16: 22 | E16: 1099.72 | G16: =INDEX('Rent Roll_03.31.26'!$I$8:$I$18,MATCH(TRIM(MID(A16,FIND("(",A16)+1,FIND(")",A16)-FIND("(",A16)-1)),'Rent Roll_03.31.26'!$B$8:$B$18,0)) -> 1103.9091 | H16: =E16-G16 -> -4.1890909
A17: 0 Bedroom 1 Bathroom (BWK.S2) | B17: 20 | C17: 500 | D17: 19 | E17: 1076.47 | G17: =INDEX('Rent Roll_03.31.26'!$I$8:$I$18,MATCH(TRIM(MID(A17,FIND("(",A17)+1,FIND(")",A17)-FIND("(",A17)-1)),'Rent Roll_03.31.26'!$B$8:$B$18,0)) -> 1075.6842 | H17: =E17-G17 -> 0.78578947
A18: Grand Total | B18: 338 | C18: 841 | D18: 310 | E18: 1346.33 | G18: ='Rent Roll_03.31.26'!I19 -> 1360.6516 | H18: =E18-G18 -> -14.321613
G21: ='Rent Roll_03.31.26'!I22 -> % Unit
I24: 1346
I25: 1464
I26: =I24-I25 -> -118
I27: =I26/I24 -> -0.087667162

Sheet Rent Roll_03.31.26
A1: Rent Roll
A2: The Boardwalk (45726)
A3: As Of = 03/31/2026
A4: Month Year = 03/2026
A5: Property | B5: Unit Type | C5: Total | D5: Name | E5: Market | F5: Resident | G5: Deposit | H5: Average | I5: Average | J5: Average | K5: Balance
C6: Units | E6: Rent | F6: Rent | H6: Market | I6: Resident | J6: Deposit
H7: Rent | I7: Rent
A8: 45726 | B8: BWK.A1 | C8: 40 | D8: 1 Bedroom 1 Bathroom | E8: 42385 | F8: 45773 | G8: 33705 | H8: 1059.625 | I8: 1204.5526 | J8: 886.97368 | K8: -15498.87
A9: 45726 | B9: BWK.A2 | C9: 39 | D9: 1 Bedroom 1 Bathroom | E9: 42545 | F9: 44387 | G9: 32170 | H9: 1090.8974 | I9: 1232.9722 | J9: 893.61111 | K9: -14064.45
A10: 45726 | B10: BWK.B0 | C10: 52 | D10: 2 Bedroom 1 Bathroom | E10: 61849 | F10: 66065 | G10: 41130 | H10: 1189.4038 | I10: 1376.3542 | J10: 856.875 | K10: -20413.15
A11: 45726 | B11: BWK.B1 | C11: 24 | D11: 2 Bedroom 2 Bathroom | E11: 29695 | F11: 33513 | G11: 18662 | H11: 1237.2917 | I11: 1396.375 | J11: 777.58333 | K11: -3764.66
A12: 45726 | B12: BWK.B2 | C12: 46 | D12: 2 Bedroom 1 Bathroom | E12: 56319 | F12: 54032 | G12: 37209 | H12: 1224.3261 | I12: 1317.8537 | J12: 907.53659 | K12: -22522.29
A13: 45726 | B13: BWK.B3 | C13: 12 | D13: 2 Bedroom 2 Bathroom | E13: 15890 | F13: 14839 | G13: 13253 | H13: 1324.1667 | I13: 1349 | J13: 1204.8182 | K13: -5617.28
A14: 45726 | B14: BWK.B4 | C14: 3 | D14: 2 Bedroom 2 Bathroom | E14: 4400 | F14: 3255 | G14: 0 | H14: 1466.6667 | I14: 1627.5 | J14: 0 | K14: -1869.19
A15: 45726 | B15: BWK.C1 | C15: 24 | D15: 3 Bedroom 2 Bathroom | E15: 32629 | F15: 36258 | G15: 20920 | H15: 1359.5417 | I15: 1648.0909 | J15: 950.90909 | K15: -10629.87
A16: 45726 | B16: BWK.C2 | C16: 55 | D16: 3 Bedroom 2 Bathroom | E16: 75799 | F16: 78956 | G16: 35626.13 | H16: 1378.1636 | I16: 1679.9149 | J16: 758.00277 | K16: -13744.99
A17: 45726 | B17: BWK.S1 | C17: 23 | D17: 0 Bedroom 1 Bathroom | E17: 19745 | F17: 24286 | G17: 17115 | H17: 858.47826 | I17: 1103.9091 | J17: 777.95455 | K17: -12419.67
A18: 45726 | B18: BWK.S2 | C18: 20 | D18: 0 Bedroom 1 Bathroom | E18: 16315 | F18: 20438 | G18: 16190 | H18: 815.75 | I18: 1075.6842 | J18: 852.10526 | K18: -8063.07
A19: 45726 | B19: FL | C19: 338 | D19: The Boardwalk | E19: 397571 | F19: 421802 | G19: 265980.13 | H19: 1176.2456 | I19: 1360.6516 | J19: 858.00042 | K19: -128607.49
A22: Summary Groups | C22: Square | D22: Market | E22: Actual | F22: Security | G22: Other | H22: # Of | I22: % Unit | J22: % Sqft | K22: Balance
C23: Footage | D23: Rent | E23: Rent | F23: Deposit | G23: Deposits | H23: Units | I23: Occupancy | J23: Occupied
A24: Current/Notice/Vacant Residents | C24: 284,310.00 | D24: 397,571.00 | E24: 421,802.00 | F24: 265,980.13 | G24: -1,000.00 | H24: 338 | I24: 91.71 | J24: 91.00 | K24: -113,360.89
A25: Future Residents/Applicants | C25: 29,510.00 | D25: 40,868.00 | E25: 0.00 | F25: 0.00 | G25: -500.00 | H25: 34 | K25: -15,246.60
A26: Occupied Units | C26: 258,734.00 | D26: 362,898.00 | H26: 310 | I26: 91.71 | J26: 91.00
A27: Total Non Rev Units | C27: 0.00 | D27: 0.00 | H27: 0 | I27: 0.00 | J27: 0.00
A28: Total Vacant Units | C28: 25,576.00 | D28: 34,673.00 | H28: 28 | I28: 8.28 | J28: 8.99
A29: Totals: | C29: 284,310.00 | D29: 397,571.00 | E29: 421,802.00 | F29: 265,980.13 | G29: -1,500.00 | H29: 338 | I29: 100.00 | J29: 100.00 | K29: -128,607.49
E32: =E29/H26 -> 1360.6516

Sheet Report1
A1: Market Rent Schedule
A2: For Selected Properties
A3: As Of = 03/31/2026
A4: Unit Type | B4: Units | C4: Unit Type | D4: Unit Type | E4: Total | F4: Total Unit | G4: Average | H4: Occupied | I4: Average
C5: Rent | D5: Sq Ft | E5: Unit Type | F5: Rent | G5: Unit Rent | H5: Units | I5: Resident Rent
E6: Rent
A7: 1 Bedroom 1 Bathroom (BWK.A1) | B7: 40 | C7: 914 | D7: 657 | E7: 36560 | F7: 42385 | G7: 1059.62 | H7: 38 | I7: 1205.1
A8: 1 Bedroom 1 Bathroom (BWK.A2) | B8: 39 | C8: 1010 | D8: 700 | E8: 39390 | F8: 42545 | G8: 1090.89 | H8: 36 | I8: 1204.22
A9: 2 Bedroom 1 Bathroom (BWK.B0) | B9: 52 | C9: 1140 | D9: 814 | E9: 59280 | F9: 61849 | G9: 1189.4 | H9: 48 | I9: 1357.95
A10: 2 Bedroom 2 Bathroom (BWK.B1) | B10: 24 | C10: 1184 | D10: 875 | E10: 28416 | F10: 29695 | G10: 1237.29 | H10: 24 | I10: 1356.5
A11: 2 Bedroom 1 Bathroom (BWK.B2) | B11: 46 | C11: 1133 | D11: 930 | E11: 52118 | F11: 56319 | G11: 1224.32 | H11: 41 | I11: 1306.17
A12: 2 Bedroom 2 Bathroom (BWK.B3) | B12: 12 | C12: 1145 | D12: 980 | E12: 13740 | F12: 15890 | G12: 1324.16 | H12: 11 | I12: 1307.18
A13: 2 Bedroom 2 Bathroom (BWK.B4) | B13: 3 | C13: 1280 | D13: 1130 | E13: 3840 | F13: 4400 | G13: 1466.66 | H13: 2 | I13: 1627.5
A14: 3 Bedroom 2 Bathroom (BWK.C1) | B14: 24 | C14: 1342 | D14: 1028 | E14: 32208 | F14: 32629 | G14: 1359.54 | H14: 22 | I14: 1648.36
A15: 3 Bedroom 2 Bathroom (BWK.C2) | B15: 55 | C15: 1345 | D15: 1130 | E15: 73975 | F15: 75799 | G15: 1378.16 | H15: 47 | I15: 1667.68
A16: 0 Bedroom 1 Bathroom (BWK.S1) | B16: 23 | C16: 901 | D16: 550 | E16: 20723 | F16: 19745 | G16: 858.47 | H16: 22 | I16: 1099.72
A17: 0 Bedroom 1 Bathroom (BWK.S2) | B17: 20 | C17: 885 | D17: 500 | E17: 17700 | F17: 16315 | G17: 815.75 | H17: 19 | I17: 1076.47
A18: Grand Total | B18: 338 | C18: 1118.19 | D18: 841 | E18: 377950 | F18: 397571 | G18: 1176.24 | H18: 310 | I18: 1346.33
